fiftyDayAverageChange,fiftyDayAverageChangePercent,twoHundredDayAverageChange,twoHundredDayAverageChangePercent,priceEpsCurrentYear,trailingPegRatio,country,sector,symbol
0.8967429495155723,0.2689978386860481,0.7474903446363506,0.2639253501608578,0.2734248718287734,0.009967981803866679,4,6,A
0.9093544827499294,0.14548807316985035,0.7577062086986344,0.2455804530108669,0.2555612998277093,0.0,4,7,AAL
0.9105929682733548,0.424878924889043,0.7564866807740813,0.3005650637776214,0.27198006823358445,0.00362382993613857,4,2,AAP
0.8993841164004234,0.388699783699096,0.7599815751602387,0.34974429679216734,0.28810671117946207,0.014809552969993877,4,9,AAPL
0.8970875345927493,0.357357077711838,0.7542392022142618,0.3255715295654356,0.2670245697454235,0.0027532149418248624,4,6,ABBV
0.9079698887968443,0.39211812850907246,0.7588006762118172,0.3434138357626464,0.2731427112279337,0.011520951797742979,5,10,ABC
0.9079698887968443,0.39211812850907246,0.7588006762118172,0.3434138357626464,0.2731427112279337,0.011520951797742979,5,10,ABMD
0.9060759812840767,0.3827031703303549,0.74711280773569,0.2585307587789002,0.27363583180275797,0.010157641501180998,4,6,ABT
0.8811294548045467,0.24950873659792341,0.7243125115558477,0.22188388223014804,0.2676614235500079,0.010361998075408975,0,9,ACN
0.8776233774855752,0.26186460116626664,0.6981325231344708,0.17951363751638585,0.2613939819885548,0.004232700551132885,4,9,ADBE
0.9037009134038592,0.4268903206559003,0.7905590681442202,0.45677397341181875,0.2855146061378822,0.004735893622605197,4,9,ADI
0.9124869754915564,0.4846410624686842,0.7640313306893197,0.42161100264651485,0.2703345366299245,0.005525325868252997,4,3,ADM
0.8924306642820542,0.3272185790248761,0.7185220938406647,0.20950720344414353,0.2740651106872809,0.018196833172950747,4,9,ADP
0.9042239060341999,0.41840670533572794,0.7287684561659766,0.24996644133450985,0.2745816187134429,0.006084507042253521,4,9,ADSK
0.9140579942473135,0.5046956982293807,0.7637984870888822,0.38881320270187947,0.27569796398393653,0.018941474936575976,4,11,AEE
0.9151168025846358,0.5143660984295859,0.7675297866513721,0.41377168282944066,0.2754296657478284,0.01869512728545184,4,11,AEP
0.911146587053552,0.37987291310617977,0.7594468921525213,0.36854333310553966,0.2554954316563871,0.011520951797742979,4,11,AES
0.9084206174922456,0.4167354782408903,0.7587149997829454,0.34305509784732646,0.2674988115331689,0.011520951797742979,4,5,AFL
0.9101776197938154,0.43134748459377104,0.7558283194368135,0.30838083388496484,0.2602088148738473,0.011520951797742979,4,5,AIG
0.9108307995811401,0.1185565649631985,0.7574412688982993,0.11753963279591195,0.2731427112279337,0.011520951797742979,4,8,AIV
0.8962863632609422,0.35421715877247595,0.7566765006181112,0.33608278518253265,0.2612627130109184,0.011520951797742979,4,5,AIZ
0.892400776056833,0.32727843103292714,0.7182263944688457,0.20894998478250953,0.26938732742767535,0.00567369433995276,4,5,AJG
0.9232370877929484,0.6673797541336834,0.7763957945159785,0.5357079041308873,0.26966378250590484,0.00820015746653836,4,9,AKAM
0.90439153827094,0.3954207666280983,0.7925901766240913,0.6239101242927276,0.27604360074614553,0.007611582538710525,4,0,ALB
0.9138556306542001,0.48946559353228475,0.7709556461965209,0.41485818292273235,0.2691499341649681,0.006574402939375383,4,6,ALGN
0.9007884191904156,0.08884352560071795,0.7507255119043995,0.1932361456508316,0.25880387668891436,0.011520951797742979,4,7,ALK
0.912007168060954,0.4713982879305359,0.7601308942685362,0.35110350622229597,0.25833890539758514,0.002450179336890911,4,5,ALL
0.8958112393211732,0.3004696610494797,0.7473684374334673,0.27968146076418726,0.2700109695659189,0.014807453416149067,0,7,ALLE
0.9079698887968443,0.39211812850907246,0.7588006762118172,0.3434138357626464,0.2731427112279337,0.011520951797742979,5,10,ALXN
0.9305666407635983,0.5657229522357399,0.8356137942723716,0.6421035765949611,0.2926411203379274,0.011243110838946723,4,9,AMAT
0.9060372702621748,0.24722671698714485,0.7557654582188043,0.2758721363381823,0.2605260001156039,0.0026293412649811914,2,2,AMCR
0.902288413451682,0.3939207726764796,0.7668847820666407,0.38381970080367256,0.2904476253078693,0.003595136033592861,4,9,AMD
0.9018974630071102,0.3942701934457274,0.7695859522130379,0.3954930885784805,0.284397874004083,0.017881200244947947,4,7,AME
0.90381794306231,0.432119786613106,0.7810981828266332,0.41070948691744624,0.2689460927602629,0.01573965532324381,4,6,AMGN
0.8650499254077146,0.30644556352769026,0.7212574266635063,0.27585424097635125,0.26108599683978195,0.009608958096404514,4,5,AMP
0.9145147460475318,0.49512825920110975,0.7530229818841592,0.31745945942064385,0.28714994560019225,0.0134735368734144,4,8,AMT
0.8976964317904244,0.36112479552040694,0.7471919491837402,0.29754794347255825,0.2847438706060578,0.01300813577114863,4,2,AMZN
0.9120989923008701,0.4728299615084093,0.7624715191776578,0.37034896823260605,0.30102130348129186,0.012765987227714111,4,9,ANET
0.9079698887968443,0.39211812850907246,0.7588006762118172,0.3434138357626464,0.2731427112279337,0.011520951797742979,5,10,ANTM
0.9005345493147391,0.41231426557356105,0.7400697304531955,0.29631646372091636,0.2706023484423177,0.016967894322456475,0,5,AON
0.9035799210935372,0.27596652941335553,0.7553811141356106,0.29717483071364703,0.2694761481135749,0.008683754702125799,4,7,AOS
0.9207412094414998,1.0,0.7685016505065543,0.7109043043057658,0.2754210182151174,0.029738780509141804,4,4,APA
0.921543799478293,0.5307319643239501,0.7671181104169579,0.37356784565216006,0.2778238062934468,0.04418581051526551,4,0,APD
0.9002029378265595,0.3306987868333904,0.7628727276417304,0.37431593999509544,0.28901123456728317,0.009517277578514565,4,9,APH
0.903256928958303,0.2810470618774068,0.7537526341983454,0.28215888974913217,0.2583790410432384,0.005007435919867028,2,2,APTV
0.9076196277294714,0.3333683112125664,0.7483651781129983,0.19528959129638535,0.2731427112279337,0.011520951797742979,4,8,ARE
0.9198520081854599,0.5478022532185286,0.7699797693437395,0.4061736933812713,0.2784936117489931,0.014822850144344327,4,11,ATO
0.9079698887968443,0.39211812850907246,0.7588006762118172,0.3434138357626464,0.2731427112279337,0.011520951797742979,5,10,ATVI
0.9008723145258154,0.36356527501758845,0.7444828353899703,0.2742413186401272,0.2965156800817966,0.011520951797742979,4,8,AVB
0.9011191475887531,0.41498902006899163,0.7558680484372506,0.3372707625392899,0.2869348083558833,0.0042152042690928185,4,9,AVGO
0.8921159629291309,0.28905561190010165,0.7513184473751842,0.30576681251441407,0.26958087570832967,0.012784883212317381,4,2,AVY
0.9168462440213087,0.534644618300522,0.7596373952889847,0.35001857018542354,0.27868718989777025,0.01857615256757939,4,11,AWK
0.870043405981201,0.26008794885827746,0.7322148864574235,0.27244750384685945,0.27048658102044076,0.009942787157728982,4,5,AXP
0.6646291776574671,0.35468747474222917,0.4781029706394662,0.27830915190526206,0.2789929100472269,0.012057037879450616,4,2,AZO
0.8819036230313614,0.25056747300707566,0.7466598940442843,0.2940724433927906,1.0,0.011520951797742979,4,7,BA
0.9076005454272534,0.32811233870565715,0.7569327556406397,0.3066456569952523,0.2622287334413972,0.005531624529787421,4,5,BAC
0.9091870477455893,0.2330071958787177,0.7552739655435299,0.19026892052281144,0.2591728077423636,0.25601469687691364,4,6,BAX
0.9092282758886093,0.40035146103852326,0.7535499444265646,0.27464245180759006,0.26048040855950993,0.00783413524626017,4,2,BBY
0.9031982903524687,0.3812060734378283,0.7629364642754869,0.3697815586994796,0.2645565994669934,0.0075898871489808424,4,6,BDX
0.9098299650567383,0.3325742319383968,0.7588263014676749,0.3353180036615328,0.2596146312384837,0.001600559881025282,4,5,BEN
0.9079698887968443,0.39211812850907246,0.7588006762118172,0.3434138357626464,0.2731427112279337,0.011520951797742979,5,10,BF.B
0.9108648250057558,0.46085018267267414,0.7765259248301163,0.44925089614442765,0.26331897966168577,0.024488496194558656,4,6,BIIB
0.8876902542123994,0.3277946083727011,0.7445495008181776,0.29945138643126445,0.2833272411844662,0.011520951797742979,4,6,BIO
0.9082514740106256,0.4179074526768094,0.7637865253214864,0.38635891710830095,0.26640463978816276,0.008003499256408014,4,5,BK
0.6078090797569209,0.35857964589462454,0.17875767800268794,0.2433797034941105,0.26954135022575754,0.004395765899746305,4,2,BKNG
0.9145041281749546,0.547097717726126,0.7671167156911806,0.5003482130429511,0.2800987957855567,0.022293762575452715,4,4,BKR
0.82401568317149,0.32972535186362184,0.6838754585744561,0.282499153553275,0.2721215620652766,0.006349750677980929,4,5,BLK
0.9079698887968443,0.39211812850907246,0.7588006762118172,0.3434138357626464,0.2731427112279337,0.011520951797742979,5,10,BLL
0.9118431584189813,0.4678719643193271,0.7643386138714654,0.44227941849678476,0.2599456055969563,0.011520951797742979,4,6,BMY
0.8954882543874871,0.3249826735062944,0.725108596519741,0.20840196962079063,0.2728765002046962,0.007827836584725745,4,9,BR
0.9079698887968443,0.39211812850907246,0.7588006762118172,0.3434138357626464,0.2731427112279337,0.011520951797742979,5,10,BRK.B
0.9017325430534431,0.2565072300501461,0.7423426659680719,0.18536764391718666,0.2755073100666156,0.004612719797043128,4,6,BSX
0.9118851043132999,0.46890599097180846,0.764881817091019,0.4680222899432793,0.2610901790881268,0.0024641763625229637,4,2,BWA
0.9043423850042165,0.2583641216490522,0.7489989282787071,0.2099683119548437,0.2829974288382017,0.0008384218353599859,4,8,BXP
0.9085162258756578,0.419427148171243,0.764986470154927,0.3999882472861942,0.26215355253159933,0.004957046627591637,4,5,C
0.9094889713916251,0.23804154490607246,0.756953179781871,0.23940105681072754,0.25937828620465936,0.07533199195171027,4,3,CAG
0.9061488911978854,0.4251535969107488,0.7776476085591553,0.44047645406023345,0.27577825660961647,0.008824424809727933,4,6,CAH
0.911308984448932,0.4526544419505252,0.757130292772782,0.31697181634601423,0.27686799791639977,0.009224739742804654,4,7,CARR
0.9079893318066053,0.46114330587881863,0.8629436955169033,0.5271183698148181,0.28969371121837595,0.01251334091505555,4,7,CAT
0.9160960461475207,0.4930473848686758,0.7795272262175508,0.4106363256755985,0.2639942282270487,0.019254308459452366,2,5,CB
0.917322795938057,0.5038612712433985,0.7809875196682433,0.4267964687283862,0.2805585245101799,0.024438806753564867,4,5,CBOE
0.8926562626800698,0.2575847665236192,0.7461087828398024,0.26826045593588044,0.27196593065543523,0.004943749453241187,4,8,CBRE
0.9107672454685948,0.4476998568190183,0.7534394913523922,0.29102336516100674,0.2966067024750377,0.00516840171463564,4,8,CCI
0.9071698932978118,0.19675723546286955,0.7563454919898422,0.2575764491892003,0.2606846695402266,0.011520951797742979,4,2,CCL
0.8974490631123427,0.3884693657960105,0.7346072963480718,0.2764373527095929,0.29819673910644134,0.017293325168401714,4,9,CDNS
0.9049516321071124,0.37673857562853663,0.7378275106774169,0.21744206253185766,0.2628741110393265,0.011520951797742979,4,9,CDW
0.9194249464778692,0.7220562585760846,0.7666305730309638,0.4918137620927585,0.2638527799086866,0.011520951797742979,4,0,CE
0.9079698887968443,0.39211812850907246,0.7588006762118172,0.3434138357626464,0.2731427112279337,0.011520951797742979,5,10,CERN
0.9361559414235077,0.8939263541381985,0.7819850384374688,0.5820240985686462,0.26652908461087355,0.039989502230775964,4,0,CF
0.9073753148483097,0.34486428087172816,0.7614482674260563,0.3867225570841397,0.2625594688548869,0.011520951797742979,4,5,CFG
0.9096981763654644,0.4312154218468613,0.7606358800565659,0.3616883892403067,0.2823716177053226,0.02001574665383606,4,3,CHD
0.9039718671521412,0.3956689043623007,0.7794195405490584,0.47908352050507463,0.28730849555232363,0.017819613332166914,4,7,CHRW
0.9057005938351599,0.42158696890492475,0.7238610619698839,0.22339927020673883,0.25368652383863066,0.001781121511678768,4,1,CHTR
0.8985487282628585,0.3885694946303857,0.7430773440932764,0.29519191930313826,0.25908187068661637,0.004709299273904296,4,6,CI
0.9066351819482396,0.4153165865339608,0.7591363374079622,0.34660983383793004,0.27296674033757695,0.011520951797742979,4,5,CINF
0.9075693991815892,0.38795120828552737,0.7596010203090164,0.35174701876616365,0.2780440737434282,0.02223217566267168,4,3,CL
0.9110026463438979,0.32275508932765806,0.7575867710876005,0.23064932427281276,0.23801267409702123,0.011520951797742979,4,5,CLSK
0.9041153516977314,0.3548662618129318,0.7526775749006162,0.29559760934003243,0.27237030805925017,0.01478155891872977,4,3,CLX
0.9079698887968443,0.39211812850907246,0.7588006762118172,0.3434138357626464,0.2731427112279337,0.1137629253783571,4,5,CMA
0.911106619145451,0.42324232535530004,0.7588183628389809,0.3371093248927624,0.2580375721642294,1.0,4,1,CMCSA
0.9231085338570661,0.5351447138803571,0.7794449879725165,0.41388648960920066,0.2831483069496352,0.0406557606508617,4,5,CME
0.9079228160573821,0.28856127807768417,0.7540975261513515,0.2335860366270573,0.28808972332901794,0.011290700726095705,4,2,CMG
0.883316919654803,0.38531174859937595,0.8161807642416432,0.4627968442886298,0.27595240767791673,0.009744029393753828,4,7,CMI
0.9147381803803274,0.5354256315299886,0.7621810385831013,0.385502847998514,0.2750455730663036,0.020264193858805003,4,11,CMS
0.9052757056448212,0.2011014680307603,0.7570372453705527,0.2960799972042424,0.2633631133689263,0.004901058525063424,4,6,CNC
0.9138585116335386,0.5503742915592565,0.7619904692441731,0.41461928447994295,0.27901028476097656,0.017765024932201907,4,11,CNP
0.882011999129513,0.229801522943899,0.7347296444684486,0.24274385415049718,0.25927064291219776,0.0006522613944536785,4,5,COF
0.9079698887968443,0.39211812850907246,0.7588006762118172,0.3434138357626464,0.2731427112279337,0.011520951797742979,5,10,COG
0.9028451822430529,0.27747552736299275,0.7564358507031321,0.31329199138724745,0.268402140196076,0.01223969906394891,4,6,COO
0.9291675599962104,0.7444390449906342,0.7790250257312641,0.5374596209905382,0.27929407175222,0.02868760388417461,4,4,COP
0.912353380489971,0.4716011596403609,0.777431080462158,0.36430602738286566,0.31473200215187025,0.03721319219665822,4,3,COST
0.9113727162596781,0.11804500288511643,0.7580204269942269,0.0821459342372231,0.2577118251539432,0.011520951797742979,4,3,COTY
0.9070056984500244,0.15045521967220238,0.7531533469220215,0.16359616047696388,0.2602797374427016,0.0031675269005336367,4,3,CPB
0.9069124368711166,0.24644186053141465,0.7523450083422563,0.20192943177543649,0.2763318907124816,0.029324468550433032,4,7,CPRT
0.8965992804303107,0.34508453441216935,0.726799477499802,0.22306996682551178,0.2674006748375231,0.006738867990552008,4,9,CRM
0.9125199209630092,0.4834514830053197,0.7632409893241879,0.39898811168716425,0.27369197533996753,0.008676756189309772,4,9,CSCO
0.9112004196162071,0.43839639303815126,0.7608550724623586,0.39123554832094765,0.2763459088181395,0.022226576852418863,4,7,CSX
0.9007380191556682,0.3725449562316781,0.7468670331923014,0.29040885800363997,0.2999532606546137,0.020071734756364274,4,7,CTAS
0.9079698887968443,0.39211812850907246,0.7588006762118172,0.3434138357626464,0.2731427112279337,0.011520951797742979,5,10,CTL
0.9013685083950924,0.22308301176105824,0.7508568806779677,0.2435443731369345,0.26212338288293724,0.006391741754877088,4,9,CTSH
0.9149536892293423,0.5398662960999343,0.7639681134952753,0.40996551141000603,0.2769902054744799,0.007311346338902983,4,0,CTVA
0.9079698887968443,0.39211812850907246,0.7588006762118172,0.3434138357626464,0.2731427112279337,0.011520951797742979,5,10,CTXS
0.905947969804809,0.33910167591016005,0.7573140501309574,0.3239945762781644,0.26085811657420255,0.0007894322456477998,4,6,CVS
0.9332150109969892,0.6743663819715396,0.7873821292184578,0.5105824929803864,0.28324225641891565,0.025999475111538797,4,4,CVX
0.9079698887968443,0.39211812850907246,0.7588006762118172,0.3434138357626464,0.2731427112279337,0.011520951797742979,5,10,CXO
0.910942243808863,0.4431999419971786,0.7597616629566378,0.35637822650591217,0.2708893725691615,0.018214329454990814,4,11,D
0.9087607175352523,0.3901501840056295,0.7612342619606894,0.3786262896718419,0.2603681556200884,0.011520951797742979,4,7,DAL
0.9094171371190524,0.3775440012038205,0.7634436093921003,0.4546148670393465,0.27367484383807544,0.011350887936313534,4,0,DD
0.9155107609358324,0.4816478462869757,0.8013892143086935,0.4236282267153546,0.29177106618616727,0.01131869477735981,4,7,DE
0.9079698887968443,0.39211812850907246,0.7588006762118172,0.3434138357626464,0.2731427112279337,0.011520951797742979,5,10,DFS
0.8916100568719763,0.2336929975693212,0.7617914752687596,0.36704779608491006,0.2709641708825285,0.009345814014521914,4,3,DG
0.9114584065809549,0.46660228671962684,0.7662560829998653,0.38245281770116674,0.2726893280571247,0.01017583763450267,4,6,DGX
0.8954220064458359,0.28715019456140334,0.7488623800214059,0.2839935637734924,0.2650115350690449,0.007242760913305924,4,2,DHI
0.888108662359691,0.2825822720478718,0.7461023616545986,0.28938855249770895,0.2788885238024476,0.007951710261569416,4,6,DHR
0.9052524819122992,0.3638854693917617,0.750724346715082,0.2776993033465194,0.2680446955693001,0.019059749803166826,4,1,DIS
0.9079698887968443,0.39211812850907246,0.7588006762118172,0.3434138357626464,0.2731427112279337,0.011520951797742979,5,10,DISCA
0.9079698887968443,0.39211812850907246,0.7588006762118172,0.3434138357626464,0.2731427112279337,0.011520951797742979,5,10,DISCK
0.9079698887968443,0.39211812850907246,0.7588006762118172,0.3434138357626464,0.2731427112279337,0.011520951797742979,5,10,DISH
0.920076877426725,0.5524823196567231,0.7660197071315779,0.38419844636783096,0.3174399258178234,0.11685626804304086,4,8,DLR
0.8947328227885791,0.23459278097562933,0.7558422647493629,0.3191696755568805,0.2691058274812673,0.011520951797742979,4,3,DLTR
0.9097998973329293,0.45380092380742293,0.7742153278288026,0.42008909801751343,0.2752749687835448,0.012474849094567404,4,7,DOV
0.9181778192766992,0.8187381011580608,0.7665801275308461,0.6104007926738704,0.0,0.259108739392879,4,0,DOW
0.8866578942808232,0.3626177825955939,0.7223356268499691,0.26728794878880624,0.2733676672620569,0.011457265331117137,4,2,DPZ
0.9079698887968443,0.39211812850907246,0.7588006762118172,0.3434138357626464,0.2731427112279337,0.011520951797742979,5,10,DRE
0.9103583836935347,0.4577904315223452,0.7629910589389003,0.3643979762114061,0.27439658569238407,0.012091330592249146,4,2,DRI
0.9180094792177951,0.5448296795074444,0.7656569267019732,0.3905386943740285,0.2738259424047014,0.017451491558043916,4,11,DTE
0.9170158543432876,0.540534988191017,0.7645584935898215,0.3877014971066422,0.2743592832515269,0.01874761613157204,4,11,DUK
0.9276856668262261,0.6729165579948467,0.7719012579538194,0.4364596469614028,0.26195317013997854,0.0032277141107514653,4,6,DVA
0.918249836198537,0.7291223706203074,0.7672959045605555,0.55502702585609,0.2653535976125528,0.03446067710611495,4,4,DVN
0.9103684598296521,0.27306970146961795,0.7577402820892862,0.2556817609251468,0.25204483469786093,0.011520951797742979,4,9,DXC
0.9090730778449099,0.40116734838730506,0.7556236834033436,0.30214887361248854,0.2850764962450365,0.0062440731344589285,4,6,DXCM
0.911142989970269,0.4640741773488658,0.7693030550103255,0.3972669734260608,0.2798431545220793,0.011647624879713062,4,1,EA
0.9109546644089815,0.45202188296667173,0.760297765135117,0.3589954445667455,0.2676934044869772,0.013927040503892922,4,2,EBAY
0.8869567855349706,0.3215895546842633,0.7498920008262017,0.3153215133186851,0.2900243584497887,0.018616743941912345,4,0,ECL
0.9150276843264382,0.5196611581194049,0.7653082750844041,0.40248031091313674,0.27280797277483626,0.01793438894234975,4,11,ED
0.8926225828397462,0.30705527118746057,0.7273738101428077,0.2188012902134003,0.2763791136369998,0.0051404076633715335,4,7,EFX
0.9166129264638667,0.590113801258202,0.7682527953763836,0.49155393975022726,0.2635333275341766,0.023151080395415975,4,11,EIX
0.8934747069251214,0.17513608280164722,0.7537693942503646,0.2943375855736994,0.30186806191952015,0.011679818038666783,4,3,EL
0.9081331053143151,0.38102101762436685,0.7589857469659447,0.3446988982249692,0.2632210577320662,0.02279485609308022,4,0,EMN
0.8967200864005741,0.29328719818095506,0.7545708661885759,0.31583761184376735,0.27507964121614353,0.010951972705800018,4,7,EMR
0.9309884687460689,0.74736894255571,0.7747357680343442,0.4718583482027503,0.26615792482654305,0.024834922578951972,4,4,EOG
1.0000000000000002,0.6421999342151847,0.8638916097712893,0.46499819221240285,0.33027571890011576,0.030099903770448782,4,8,EQIX
0.90917102142033,0.3945345285140344,0.7562343856445305,0.3046225864898605,0.30862367519229955,0.011520951797742979,4,8,EQR
0.9095680083826022,0.41377716175891244,0.7592926366486795,0.3488349407942081,0.2667083459727644,0.006342752165164904,4,11,ES
0.9050112320296058,0.4241297716046448,0.7477243810482898,0.30664450805378046,0.30666548550093226,0.011520951797742979,4,8,ESS
0.9079698887968443,0.39211812850907246,0.7588006762118172,0.3434138357626464,0.2731427112279337,0.011520951797742979,5,10,ETFC
0.9212076825215503,0.5153801399972986,0.7663511733414281,0.36529158339334356,0.28571762119118854,0.018007873326918028,0,7,ETN
0.9155235970652793,0.5320854965285758,0.7664987860341849,0.41999594998131173,0.2803387889972435,0.014534511416324032,4,11,ETR
0.9137434704125521,0.5098223232117844,0.7634830737772005,0.40070446867620513,0.27378255397824053,0.016199457615256756,4,11,EVRG
0.9122122307583075,0.4764066068665386,0.7607204285147439,0.3648841310477855,0.28656158909336765,0.014265768524188609,4,6,EW
0.9132717671181364,0.5198239666764237,0.7609802479013219,0.3846659398813981,0.270574544064527,0.019835884874464176,4,11,EXC
0.9054357525809112,0.3983040030499252,0.7678432264682253,0.4071077169731089,0.2812920728067638,0.026358498819000962,4,7,EXPD
0.9000351408544054,0.3880844683807959,0.7645539424135169,0.36884142058474656,0.26392572924302005,0.00526568104277841,4,2,EXPE
0.9049462339166364,0.38720766574163673,0.7551276169871635,0.32048895837325203,0.2872634558453567,0.023414224477298573,4,8,EXR
0.9102822226408124,0.25908892576817716,0.7586302224821042,0.3098511438609962,0.2575331055429092,0.059275303997900444,4,2,F
0.9351127989739596,0.7098333042985345,0.7860849272581776,0.5122843984399768,0.2717749880129267,0.7159786545359111,4,4,FANG
0.9116616801977007,0.4600722400176474,0.7593028496465187,0.3502943999156485,0.29860964457047595,0.021786370396290788,4,7,FAST
0.9118888335990031,0.4685748407831028,0.7595944037584585,0.3570160829066591,0.2731427112279337,0.011520951797742979,5,10,FB
0.9079698887968443,0.39211812850907246,0.7588006762118172,0.3434138357626464,0.2731427112279337,0.011520951797742979,5,10,FBHS
0.9048011248818216,0.2722896528991895,0.7628868610574635,0.41916080716489473,0.271489005003508,0.02306779809290526,4,0,FCX
0.924655961115241,0.5333926511319064,0.8188094819177305,0.5504235345341287,0.27432091551428817,0.008396815676668707,4,7,FDX
0.9131675222781019,0.5140573119960822,0.7622633189746607,0.4110413012145149,0.27266656001376327,0.008159566092205407,4,11,FE
0.9248675209953261,0.551072740145588,0.7611711906584626,0.3531122143608827,0.2725931896811268,0.012801679643075848,4,9,FFIV
0.9072984422826299,0.32434780149813397,0.7477079199123949,0.18867839057714797,0.25788091044637884,0.0012548333479135685,4,9,FIS
0.9066569601500084,0.3265875209641906,0.7271501703060029,0.06863018171107782,0.25662462349097714,0.005932639314145745,5,10,FISV
0.9062864420278751,0.2774168773262672,0.7583109789785129,0.3299189266205789,0.2619685209328321,0.011120636864666257,4,5,FITB
0.9079698887968443,0.39211812850907246,0.7588006762118172,0.3434138357626464,0.2731427112279337,0.011520951797742979,5,10,FLIR
0.9059144817957242,0.34272851651543274,0.7657571323348692,0.4427669287250567,0.2721096318836352,0.011764500043740704,4,7,FLS
0.9079698887968443,0.39211812850907246,0.7588006762118172,0.3434138357626464,0.2731427112279337,0.011520951797742979,5,10,FLT
0.9106910895469755,0.3270274116495215,0.7505911617504852,0.051628522807146415,0.2577425632925435,0.010155541947336191,4,0,FMC
0.9062796014573234,0.30448895453843955,0.7566151310628871,0.30512081418779946,0.2731427112279337,0.08290928177762226,4,1,FOX
0.9059332069911731,0.3109061176410943,0.7564647335871139,0.3068231385323014,0.26442379299217605,0.09200314933076723,4,1,FOXA
0.9079698887968443,0.39211812850907246,0.7588006762118172,0.3434138357626464,0.2731427112279337,0.011520951797742979,5,10,FRC
0.9130908246200229,0.4895862837812693,0.7635790991232129,0.38799639567485766,0.2985244308159835,0.011520951797742979,4,8,FRT
0.9179675367712176,0.6454290532957938,0.7733273336133808,0.6456061785285099,0.2787339448883638,0.01458490070859942,3,4,FTI
0.9127581145356725,0.4880679613079266,0.7561667558389877,0.3149507911958051,0.2857713055862834,0.013965532324381068,4,9,FTNT
0.911256410446836,0.4499356367470064,0.7612141971023746,0.38341363137672985,0.2733801194247024,0.011520951797742979,4,9,FTV
0.905814725050518,0.44142259624419405,0.7713139649301358,0.3805584591593793,0.27714333934033436,0.01705537573265681,4,7,GD
0.8867598141910559,0.3356844020874543,0.7587954423266464,0.3454896572528067,0.3023953438042818,0.034476073834310214,4,7,GE
0.9115289814647906,0.4658333144690611,0.7708477186718152,0.4347077027070856,0.2697901957801406,0.002082057562767912,4,6,GILD
0.9055196580884978,0.22388859451720777,0.7521358331928719,0.21269732920177167,0.2621348294854468,0.08147458665033681,4,3,GIS
0.9076695061020744,0.41930011521203353,0.7600594106495775,0.3529012968317819,0.2594193072268114,0.011520951797742979,4,5,GL
0.9247560752372743,0.6547452633661716,0.7910358750249191,0.6959945147619231,0.30766895913517395,0.009730732219403376,4,9,GLW
0.9057101402073913,0.33791133134581725,0.7637907401685207,0.4116691881543655,0.25509927652010544,0.022778059662321756,4,2,GM
0.8971781084638673,0.3915607435856916,0.7870967700102705,0.446153804725668,0.28393071807291104,0.015400227451666523,4,1,GOOG
0.8984221660051371,0.39821090112483715,0.7883047179501046,0.45070626988132506,0.28402937248268617,0.015473711836234801,4,1,GOOGL
0.8864710177070317,0.12904055952073396,0.739371105762393,0.20602032764699058,0.26497743562879056,0.008573878050914181,4,2,GPC
0.9059650711411688,0.33354754517004387,0.7513816691080852,0.2570596948100279,0.253694159695352,0.000673956784183361,4,7,GPN
0.9079698887968443,0.39211812850907246,0.7588006762118172,0.3434138357626464,0.2731427112279337,0.011520951797742979,5,10,GPS
0.9215733591328797,0.5449052557660143,0.766745990317387,0.37827718500243607,0.2820844470824476,0.020682704925203393,2,9,GRMN
0.8337193012067771,0.32257593550160224,0.7715754607758015,0.360946451907165,0.26652728541204473,0.009284227101740879,4,5,GS
0.8686374027256512,0.4035779080444165,0.7787024887490662,0.3641843012227729,0.28106044266947516,0.011758901233487884,4,7,GWW
0.9144205935470979,0.5951759805447072,0.7658319625176039,0.5804013085007187,0.27024617249961713,0.011520951797742979,4,4,HAL
0.9094954487340918,0.42630712416880023,0.7657377799473513,0.4217449620412477,0.26949222143054313,0.01585793018983466,4,2,HAS
0.9099266449404962,0.2719600199681339,0.7580118362355918,0.285744547584548,0.25993608619951636,0.011434870090105853,4,5,HBAN
0.9045026203508101,0.4458136964478434,0.7966478469463855,0.4248717404321001,0.2701642186373901,0.008898609045577814,4,6,HCA
0.8711610655500668,0.2831394628066539,0.7272970334390206,0.26833463446965633,0.2775656831311897,0.020358673781821362,4,2,HD
0.9079698887968443,0.39211812850907246,0.7588006762118172,0.3434138357626464,0.2731427112279337,0.011520951797742979,5,10,HFC
0.9074691135726904,0.41491159462376714,0.7593965475576688,0.34845340348179527,0.26070073716802866,0.011520951797742979,4,5,HIG
0.9101518513042343,0.46353184881142373,0.8239012490057879,0.5359345208680684,0.2807906353820173,0.011834485171900971,4,7,HII
0.9055417934870551,0.4348824190813256,0.7717535713425416,0.3884743517367028,0.29352845106531916,0.00919464613769574,4,2,HLT
0.9121994495406652,0.47665931455735977,0.7622565392197894,0.3875152608749404,0.27098264076078266,0.010955471962208032,4,6,HOLX
0.9106131290974279,0.4609868119860272,0.7712224952992847,0.39962266248755157,0.2776113514910281,0.01389974630391042,4,7,HON
0.9122354632587142,0.49356204125242636,0.7591430491979955,0.34743130119895627,0.25975830259856086,0.0052894759863529005,4,9,HPE
0.9108398016963699,0.3734366402004395,0.7552146352965542,0.19772415040266206,0.2556822347192977,0.010520164465051177,4,9,HPQ
0.9078113716496206,0.2695390802099351,0.748668015160948,0.1398622251621294,0.25541173406470224,0.0033606858542559706,4,2,HRB
0.9102937444877214,0.3537632913180147,0.7569524989533883,0.26852003891560505,0.26822825225171515,0.00986580351675269,4,3,HRL
0.9069963391380064,0.36215702692084456,0.759360652412647,0.3495877113289339,0.26606634062813406,0.010623042603446767,4,6,HSIC
0.9116985867456858,0.4487303130002676,0.7600880065481436,0.39791984744929604,0.27049312782851126,0.011520951797742979,4,8,HST
0.9113712662819692,0.46624138604552895,0.7740269575010327,0.4196360919378178,0.2825296286089511,0.007777447292450356,4,3,HSY
0.8746788480853673,0.1649418557928738,0.7076712803170897,0.1538698562877677,0.27213117106708506,0.0061355961858105155,4,6,HUM
0.9101527715720689,0.45776751855870695,0.7798085892867489,0.44194358051093663,0.3184365738748479,0.011520951797742979,4,7,HWM
0.8886213945843009,0.32557346398658904,0.7394403285120627,0.28146977978741466,0.2753288039415454,0.01570816201557169,4,9,IBM
0.9068418654800318,0.41771015987066173,0.7530946335704919,0.31340215393015175,0.2759737932538777,0.014742367246960023,4,5,ICE
0.8441367438965193,0.2930270176186652,0.7219716092577502,0.2924957426332805,0.3032733983460911,0.027561543172075934,4,6,IDXX
0.9017775626315269,0.38374700229507175,0.7656968089860801,0.3805532081378088,0.27911299412400153,0.011062549208293236,4,7,IEX
0.906185984932111,0.3381745245413651,0.7580565098015148,0.3323916066474402,0.26843428540772096,0.004798180386667834,4,0,IFF
0.9057007792750248,0.3901478417025338,0.7674577439749679,0.41483774732311596,0.281582996857077,0.015472312133671593,4,6,ILMN
0.904789597003616,0.34982031684426435,0.7616003197689282,0.3721085744903636,0.26456508912534077,0.001598460327180474,4,6,INCY
0.911139368860821,0.4147023036782095,0.7591946905234155,0.3493977003457715,0.2731427112279337,0.011520951797742979,5,10,INFO
0.9124239622242794,0.4885207747259948,0.7675392825876851,0.5754404784288033,0.3848698500813665,0.011520951797742979,4,9,INTC
0.8834679865304046,0.3688826420624164,0.6306035126275691,0.16248724046638885,0.27405329713354776,0.008759338640538884,4,9,INTU
0.904151363939463,0.1584983803051142,0.752317030830475,0.20556324641551202,0.2753520171621665,0.010392791531799492,4,2,IP
0.9244906981878431,0.6695136384835467,0.7827001677075076,0.6004808679103877,0.3445553939326635,0.011520951797742979,4,9,IPGP
0.8823051075404937,0.21564975911647094,0.7400742025237145,0.2564897121267301,0.26530451575296005,0.006160090980666609,4,6,IQV
0.9052306968690595,0.34301537159521395,0.7587438900587792,0.342326836268779,0.2798996948786353,0.004677805966232176,4,7,IR
0.9166116560207532,0.5508287307205918,0.764516078623759,0.397971657528792,0.31129902838143,0.011520951797742979,4,8,IRM
0.8846061678109254,0.3791905832635201,0.739570364158621,0.3111544623749793,0.3147964177368178,0.016610970168839122,4,6,ISRG
0.8839756920744039,0.21436921276810988,0.6910728219656537,0.10547239626225402,0.2635260766917817,0.005176799930014872,4,9,IT
0.8984558188396552,0.386905348379446,0.7598503520839658,0.3491208154444542,0.2795236566342392,0.01782871139882775,4,7,ITW
0.9090444558318926,0.28375237572329204,0.7594217659309732,0.35865629439806057,0.2591540462943388,0.0019063948910856441,4,5,IVZ
0.90370649010271,0.36818579148155217,0.7505596128070062,0.29063731185036185,0.272216670702182,0.0027819088443705713,4,7,J
0.8967964165096394,0.3503014906216573,0.7768821355890673,0.4424647930223826,0.2858810652485927,0.01352392616568979,4,7,JBHT
0.9159433580233912,0.5239730669045748,0.7712074865974861,0.4437684167239441,0.2866711510571495,0.01625544571778497,0,7,JCI
0.9039662760501941,0.39196355037365516,0.7556914122207999,0.3278473893356928,0.28288174106465236,0.015234362697926693,4,9,JKHY
0.9159287706574722,0.5001572193903555,0.7873867601489563,0.48114928136702967,0.2759836241331702,0.01095267255708162,4,6,JNJ
0.9079698887968443,0.39211812850907246,0.7588006762118172,0.3434138357626464,0.2731427112279337,0.011520951797742979,5,10,JNPR
0.8965830715458057,0.38465209903103387,0.7505795098573104,0.32033829504505823,0.2654102247288942,0.010668532936750939,4,5,JPM
0.910272500280748,0.33558184157262844,0.7593138714750794,0.35586979716515443,0.2619450545443126,0.012180211705012685,4,5,KEY
0.9505277199966065,0.7392398717928073,0.8216809441262545,0.6464570654335333,0.2930958241064539,0.01138937975680168,4,9,KEYS
0.9100402508029165,0.33390408993087817,0.7566788058385128,0.25801089866731164,0.26188253060714556,0.006285364360073485,4,3,KHC
0.9128312099793655,0.5396570899087649,0.7601627997067769,0.39142153382010947,0.2886854060596903,0.011520951797742979,4,8,KIM
0.9526490197230152,0.518457775248159,1.0,0.5417880664954664,0.3054171558401454,0.011061149505730032,4,9,KLAC
0.9083134983343046,0.4106170743571052,0.7479608308350981,0.25799881682964676,0.2653128916279823,0.04774735368734145,4,3,KMB
0.9143242690597413,0.6024292302783665,0.7625965659724583,0.46013442375857766,0.28165704562278965,0.02686519114688129,4,4,KMI
0.9100650956039277,0.3981920810276608,0.7540511978480114,0.2529854107172542,0.2693082110371191,0.003958358848744643,4,2,KMX
0.9117045326589085,0.4654411492879976,0.7620952829836031,0.38513947132176257,0.27998162171732266,0.0158159391129385,4,3,KO
0.9179639377975282,0.6246997094234321,0.7631853902766605,0.40217717467393094,0.26668487958424486,0.011506254920829323,4,3,KR
0.9077236915405891,0.05632483860645604,0.7572163358764222,0.23442405179715387,0.26001547140317827,0.001660747091243111,4,2,KSS
0.9079698887968443,0.39211812850907246,0.7588006762118172,0.3434138357626464,0.2731427112279337,0.011520951797742979,5,10,KSU
0.9105128504200192,0.4480202322593848,0.7627614208734815,0.3800873901638881,0.2731427112279337,0.011520951797742979,4,5,L
0.9190844923887515,0.6653455255346095,0.7664282988887615,0.4598577083859682,0.2969685903406605,0.011520951797742979,4,4,LB
0.8964586657016594,0.3258148999601577,0.7505252218909182,0.30215314025451684,0.26612533159305535,0.011520951797742979,4,9,LDOS
0.91014494303913,0.20777570660311423,0.7588355411531154,0.3205670020179481,0.259399134154409,0.011520951797742979,4,2,LEG
0.8947922310598723,0.2071623313898125,0.7423459060632412,0.21549978894184524,0.26816918163846626,0.021748578427084244,4,2,LEN
0.9043288893029781,0.42304064227183674,0.7570809047614,0.3394744711787433,0.2678535978970111,0.006999212667308197,4,6,LH
0.9229603791074988,0.5245769619542944,0.8031104978467503,0.48386954391930503,0.29064055346940154,0.015466713323418774,4,7,LHX
0.932512298331334,0.5457670337636057,0.782430478577359,0.3935857888865524,0.28606685350647215,0.015433820313183449,3,0,LIN
0.9082195211915683,0.2756795818742416,0.756573116553654,0.2740966058713063,0.26007793275951646,0.011520951797742979,4,2,LKQ
0.8105549760559778,0.3026544303931086,0.7773606354632598,0.36541502339113185,0.2844069382682224,0.006242673431895723,4,6,LLY
0.9235321748292841,0.5028710703146291,0.8417664088498885,0.49739354249413886,0.2768077112438634,0.00884961945586563,4,7,LMT
0.9072386670924584,0.2631931184984234,0.755480159701613,0.26076768798387934,0.2526520460972661,0.011520951797742979,4,5,LNC
0.9140225213115192,0.5224703469436296,0.7624722018865239,0.3933451395048325,0.27634690157765135,0.016206456128072783,4,11,LNT
0.8771149580881151,0.24712605959358422,0.746884109667463,0.30073351535279025,0.2723882317775436,0.016492695302248273,4,2,LOW
0.9182366978741257,0.5187284699775686,0.8117521856944774,0.668383655972455,0.3088957140552218,0.011108739392879013,4,9,LRCX
0.9066157355177431,0.27417526853079577,0.7614373421389744,0.4044594703116515,0.2608889703451071,0.0006921529175050301,4,7,LUV
0.9088505534277233,0.3783085412621731,0.7579575953436261,0.3272047438835921,0.27081242090636615,0.006103403026856794,4,2,LVS
0.9073544328792084,0.2976430436410362,0.7505212322360096,0.19826175328229237,0.26728461015670923,0.004788382468725396,4,3,LW
0.9280061348188329,0.9558924756517979,0.7730882636095263,0.5897998472147205,0.27691499327426766,0.009758726270667484,3,0,LYB
0.914286648172191,0.49728906154470726,0.7616785509817174,0.3622120067495524,0.39345468818021095,0.05347983553494883,4,1,LYV
0.8777312314714858,0.3604879587514261,0.7168387395815816,0.27655572958561386,0.28248442676074575,0.010319307147231213,4,5,MA
0.9034963795341905,0.3625441942126776,0.7497137074083833,0.2838931211557585,0.2731427112279337,0.011520951797742979,4,8,MAA
0.9050038421609687,0.4349348743427586,0.7807403393761401,0.41544299413190106,0.2864806095008622,0.013111013909544222,4,2,MAR
0.9031994993123649,0.25434969152099374,0.7538775843803422,0.27484623991549534,0.2668797306839721,0.008676756189309772,4,7,MAS
0.9016428684756508,0.4159418381485512,0.7598003877674834,0.3485531107171465,0.2800926514859989,0.0185264631265856,4,2,MCD
0.9029517660559081,0.2618656028090378,0.7567879951653397,0.31451068318094494,0.30443048089156977,0.004828273991776748,4,9,MCHP
0.907934059024339,0.46324387404912315,0.8256817581377565,0.42414741661108457,0.27930171656937813,0.006980316682704926,4,6,MCK
0.8740613108302959,0.33541702664808953,0.7242377928993026,0.2808785740008667,0.28386201427889707,0.01286606596098329,4,5,MCO
0.9105157314893771,0.42880761593687616,0.7563502880698783,0.3045118931599325,0.27324182574902994,0.011010060362173038,4,3,MDLZ
0.9025488385365645,0.30567493039931104,0.7542323952262512,0.2987617941534916,0.26863387842752356,0.009935088793631352,0,6,MDT
0.9056044496565651,0.32735688277674485,0.7529272139561539,0.27336835650026203,0.25667363238701263,0.0035160528387717612,4,5,MET
0.9129682217734759,0.5203277621705568,0.7600329889281403,0.37048148786005697,0.27386009873661826,0.00638124398565305,4,2,MGM
0.8912193611821703,0.17511449354745579,0.7456626112955994,0.24098457941022677,0.2610357593682932,0.011520951797742979,4,2,MHK
0.9007453917405897,0.17843637245362182,0.7493626884529188,0.21441013165313405,0.27109978069401913,0.013065523576240048,4,3,MKC
0.909607444060287,0.44818293525866537,0.7516113073680264,0.30911968104427284,0.27692928445990583,0.009539672819525849,4,5,MKTX
0.8378989573283518,0.2756813231916746,0.7293004334964631,0.30163138917675586,0.28676685563422033,0.01978059662321757,4,0,MLM
0.9079698887968443,0.39211812850907246,0.7588006762118172,0.3434138357626464,0.2731427112279337,0.011520951797742979,5,10,MMC
0.8945416063818321,0.28670782288397767,0.748774413090996,0.2862328626702572,0.27010784326665555,0.009091767999300148,4,7,MMM
0.9068053144724789,0.36094773589823737,0.7619455633536354,0.38376874943824535,0.29340138353696377,0.01174210480272942,4,3,MNST
0.9124045191064951,0.4830536173981959,0.760922281840103,0.37323045480010386,0.2631763351961181,0.010949173300673605,4,3,MO
0.9090079079750171,0.2908930408094691,0.7553804338906952,0.2331414381659447,0.26740364031543473,0.010182136296037092,4,0,MOS
0.9470306383114712,0.7772723094546063,0.7926869534750669,0.5155807234908384,0.2675792620332125,0.007350538010672733,4,4,MPC
0.9112661319967261,0.46080416350539216,0.7723604599067726,0.4761421704964516,0.27857081942427003,0.02372285889248535,4,6,MRK
0.9079698887968443,0.39211812850907246,0.7588006762118172,0.3434138357626464,0.2731427112279337,0.011520951797742979,5,10,MRO
0.8984718620885527,0.3388104906516295,0.759277236755803,0.3474244834879756,0.26671218189311335,0.0119212667308197,4,5,MS
0.9003153800988369,0.4358305263578828,0.7532339103289883,0.3368892104462237,0.2873047222128035,0.012696701950835446,4,5,MSCI
0.8753134719136249,0.32319591231126066,0.695295912860179,0.2243995254871721,0.27935729118996194,0.008256145569066573,4,9,MSFT
0.9362463370563089,0.5670809563900918,0.7807286440396238,0.39331894722971655,0.2856535640237152,0.016890910681480187,4,9,MSI
0.8930089449979511,0.3221547801590593,0.7577818100330971,0.34030924118758893,0.26164570199418935,0.010832298136645963,4,5,MTB
0.7726325146748424,0.2961927881874573,0.6874107129917928,0.2964213495107484,0.2837456537614378,0.017018983466013472,2,6,MTD
0.9540062594956352,0.6522872782353273,0.8987005156432826,0.9105742948042592,0.26392510414587755,0.0031584288338728016,4,9,MU
0.9079698887968443,0.39211812850907246,0.7588006762118172,0.3434138357626464,0.2731427112279337,0.011520951797742979,5,10,MXIM
0.9079698887968443,0.39211812850907246,0.7588006762118172,0.3434138357626464,0.2731427112279337,0.011520951797742979,5,10,MYL
0.9079698887968443,0.39211812850907246,0.7588006762118172,0.3434138357626464,0.2731427112279337,0.011520951797742979,5,10,NBL
0.9092596022629966,0.26446770121982366,0.7572228528963401,0.2676839147116809,0.258302167606479,0.002595048552182661,4,2,NCLH
0.9081410239566252,0.3986833082164988,0.7561416648454505,0.3161637825642626,0.277984377321891,0.014026419385880501,4,5,NDAQ
0.916568449702475,0.5600247760191928,0.7681006120550798,0.4500349828741895,0.2799822731268591,0.01865313620855568,4,11,NEE
0.8938527936043053,0.209324277147158,0.7661329230725737,0.4204745678813172,0.2610789927649735,0.018793106464876214,4,0,NEM
0.9157237081041498,0.5451073148507641,0.7478478619375802,0.2508179625509708,0.28814269657833064,0.012759688566179686,4,1,NFLX
0.91342299899921,0.5270389490332568,0.7617860583379882,0.4043130425083211,0.27907249010483315,0.015272154667133234,4,11,NI
0.9040885322322167,0.25382775858775763,0.7501286853367344,0.2228548335189791,0.2956162755213154,0.007548595923366285,4,2,NKE
0.9079698887968443,0.39211812850907246,0.7588006762118172,0.3434138357626464,0.2731427112279337,0.011520951797742979,5,10,NLOK
0.9079698887968443,0.39211812850907246,0.7588006762118172,0.3434138357626464,0.2731427112279337,0.011520951797742979,5,10,NLSN
0.9292078886658661,0.5133702821373424,0.8358465792567188,0.46524418536878087,0.2833692642110253,0.037243285801767126,4,7,NOC
0.9117830262480678,0.45602027756445784,0.7614245054097173,0.4877914556334455,0.27294113055567,0.007254658385093167,4,4,NOV
0.9041963727152247,0.3589631579608371,0.7228239514033707,0.14460185408036388,0.2842205867828835,0.006930627241711138,4,9,NOW
0.9149583732062802,0.5034081203487658,0.7606365330035012,0.3552851241880065,0.27154626646188706,0.009306622342752166,4,11,NRG
0.8927345849173928,0.3613344470573623,0.7554159951185246,0.3345047553610387,0.27944597818045447,0.02602327005511329,4,7,NSC
0.9131948875309471,0.492040080504341,0.7548619009126766,0.3104645708936981,0.2650028918032086,0.007540197707987054,4,9,NTAP
0.9039173217262383,0.3761728262175218,0.7617224503483946,0.3646834756006121,0.26589709291000174,0.007345639051701515,4,5,NTRS
0.8990845364982338,0.34609825853617304,0.7659769459156014,0.38826429890574093,0.265557615381412,0.011520951797742979,4,0,NUE
0.9048821423885601,0.4055598154480899,0.7585908360162028,0.34377257367796626,0.27715383300749585,0.004472749540722598,4,9,NVDA
0.0,0.260806619841665,0.0,0.25420155928113125,0.2697173303610095,0.011520951797742979,4,2,NVR
0.9111305643830784,0.15001129159600912,0.7582608244191001,0.1801206316736594,0.25537327458965753,0.011520951797742979,4,3,NWL
0.9110860960294941,0.4187459987260645,0.7567355747438959,0.27540572294928006,0.28328703442423475,0.011520951797742979,4,1,NWS
0.9111917780464858,0.4188765435989287,0.7570516398353783,0.27625394095900946,0.2788768482109962,0.011520951797742979,4,1,NWSA
0.9114319479130027,0.45693903516683015,0.7612580569161589,0.37981364289008085,0.30100515620516227,0.011520951797742979,4,8,O
0.9071752897779202,0.4272777375879317,0.7737610187632116,0.4312864302711609,0.29815627491143676,0.01692660309684192,4,7,ODFL
0.9204834867375616,0.6511848624964066,0.7683251888415584,0.45777817219449135,0.26974482894611385,0.014908931851981453,4,4,OKE
0.9102825823581426,0.43432856610445486,0.7591497238848216,0.3468674169234531,0.25694194299705736,0.1111041903595486,4,1,OMC
0.8999876970551746,0.34615982104187953,0.7141610709859982,0.15806981183809451,0.27551956879760836,0.006216778934476424,4,9,ORCL
0.9065003300784588,0.37234801014802815,0.7536519383689418,0.29447957858262985,0.2857841730580657,0.011520951797742979,4,2,ORLY
0.9038404352975783,0.3152342776949796,0.7524354262552038,0.27830513659418077,0.2728803503479608,0.013248884612019946,4,7,OTIS
0.9227650236109509,0.8536038220838962,0.7693127136970663,0.5569733745978854,0.28667545348913154,0.023104890210830197,4,4,OXY
0.9006903007974141,0.328360089651651,0.7163571539333423,0.1373031734601222,0.2636021707127638,0.00711538798005424,4,9,PAYC
0.9045600499967482,0.3440760342404647,0.7386417802458783,0.19296631794298305,0.2704347768947939,0.011520951797742979,4,9,PAYX
0.9079698887968443,0.39211812850907246,0.7588006762118172,0.3434138357626464,0.2731427112279337,0.011520951797742979,5,10,PBCT
0.9032266896576093,0.3490171072109881,0.7639070332597359,0.3884224518961543,0.27539358363313343,0.007237162103053102,4,7,PCAR
0.9079698887968443,0.39211812850907246,0.7588006762118172,0.3434138357626464,0.2731427112279337,0.011520951797742979,5,10,PEAK
0.9124657329769469,0.4816994194863745,0.759359321678263,0.3491853813474378,0.2737144077225198,0.01683632228151518,4,11,PEG
0.908316204316023,0.43131511920435045,0.7633790688620079,0.3733579783273734,0.2719522282985047,0.020737993176450007,4,3,PEP
0.9127775576714606,0.5244820062195852,0.7605605007370293,0.39910526422242926,0.25991945676654643,0.09572565829761176,4,6,PFE
0.906188326785551,0.3639343880837179,0.7601125805659196,0.35738324331097643,0.2596983771880818,0.011520951797742979,4,5,PFG
0.9049815215025852,0.3931788358430007,0.754317562006373,0.317563663026477,0.27645846470566415,0.026971568541684893,4,3,PG
0.9115469891789989,0.4675844336700214,0.7425380566101103,0.2805386429110251,0.2648646023944108,0.21668725395853383,4,5,PGR
0.86591632836269,0.38853428765747267,0.8191240700652912,0.41462416628438425,0.2883423635572946,0.024901408450704227,4,7,PH
0.8993054367862733,0.30502506456936024,0.7548311357000423,0.31434173373113833,0.26296526570568307,0.006701076021345464,4,2,PHM
0.8922699005218648,0.32172004562251677,0.7560221363924449,0.33281860535978797,0.2736103941181303,0.010844195608433208,4,2,PKG
0.9079698887968443,0.39211812850907246,0.7588006762118172,0.3434138357626464,0.2731427112279337,0.011520951797742979,5,10,PKI
0.9088548836286082,0.43153103023813133,0.7658199689133716,0.3977454477083823,0.3090257726627369,0.7155188522438982,4,8,PLD
0.9009652234989218,0.3641374133684946,0.75692834050035,0.33442262160438424,0.2743434446126668,0.012392966494619894,4,3,PM
0.8958447274202773,0.34578165620707624,0.7606176850774684,0.35342248600535425,0.26224900251848016,0.014516315283002361,4,5,PNC
0.9016144421647045,0.2936132868375896,0.7487576922676656,0.25479714780066864,0.2702179841031041,0.00864736243548246,3,7,PNR
0.9151821578943935,0.5283762515430114,0.7646805849405992,0.4026670522003605,0.276930083787765,0.020677805966232175,4,11,PNW
0.896568853889365,0.24312175376245915,0.7524330913377123,0.2897923168608238,0.264258736056138,0.008180561630653485,4,0,PPG
0.9126704351107882,0.5045117735017562,0.760212242054756,0.3744923384154445,0.2742562481837337,0.009621555419473361,4,11,PPL
0.9084323246890001,0.025107732458750198,0.7528048911236922,0.04497612774888737,0.25279585470847915,0.011520951797742979,0,6,PRGO
0.9012167339673848,0.29548628947522315,0.7506575580893399,0.27272683425813143,0.25601188705776123,0.003474761613157204,4,5,PRU
0.8998388829138546,0.39967562184102096,0.7533858615201999,0.32804221270808254,0.2862415777582728,0.07141282477473537,4,8,PSA
0.9338361463255566,0.7157120073622285,0.7862016063467221,0.5308146282270744,0.2674015808372496,0.0033578864491295604,4,4,PSX
0.9103540569133851,0.42924655120910227,0.7524645093027593,0.26344219633566657,0.25501767823076943,0.0016383518502318256,4,2,PVH
0.9770504484201493,0.689346889617965,0.8559412513750709,0.5528050089539641,0.3098906752744511,0.012597323068847869,4,7,PWR
0.9079698887968443,0.39211812850907246,0.7588006762118172,0.3434138357626464,0.2731427112279337,0.011520951797742979,5,10,PXD
0.9080886321536974,0.33474943020009973,0.7467493594457641,0.16614601466312615,0.25850660637364126,0.0042103053101215995,4,5,PYPL
0.8980817227183415,0.31035371935772504,0.7414174213569347,0.24424116425111692,0.26365400328424193,0.003246610095354737,4,9,QCOM
0.9102454887139364,0.4350042327112027,0.7547572627621543,0.29967445222120903,0.26395782040758553,0.0006249671944711749,4,9,QRVO
0.8814897212528265,0.29895839168223515,0.7370526383838195,0.27940281493054225,0.26788612854967,0.007202169538972969,4,2,RCL
0.9079698887968443,0.39211812850907246,0.7588006762118172,0.3434138357626464,0.2731427112279337,0.011520951797742979,5,10,RE
0.9137684903012027,0.5126521427951181,0.7623515009820303,0.38807772756610986,0.2920202018880295,0.0175788644912956,4,8,REG
0.8882337550514924,0.41809902995520576,0.8196056232931266,0.432488797521446,0.27029827672878404,0.010329804916455252,4,6,REGN
0.9091299734960525,0.30089172403447223,0.7585756265802314,0.32720796331334134,0.2605079227898215,0.01020803079345639,4,5,RF
0.9084636502532134,0.24818442616540556,0.7529739959506268,0.17131724464207299,0.26867532684829065,0.011520951797742979,4,7,RHI
0.8960159586307068,0.3015059390867129,0.7473549615683669,0.2792611336916674,0.2635707899828347,0.0054602396990639495,4,5,RJF
0.8954805208249645,0.39227270664448977,0.7691501441751574,0.375019484730867,0.27646913473697965,0.010089056075583937,4,2,RL
0.8872420388573036,0.30423550809754984,0.7370513311931328,0.26828887428509807,0.27591825134599984,0.009137258332604321,4,6,RMD
0.8714804515100636,0.2982644998000181,0.7519024853903123,0.3283914699712776,0.2885247383154197,0.012958446330154843,4,7,ROK
0.9060224182393611,0.30373357719996,0.7562909616485102,0.3018331002139065,0.30833298439780293,0.02661534423934914,4,2,ROL
0.8960496249681277,0.39727364549196414,0.6811012420159488,0.19407654846492442,0.2700448101491085,0.010271717260082231,4,9,ROP
0.9235807861795091,0.5718419108755213,0.7893037864146383,0.51672091026803,0.28757465892879375,0.021006736068585427,4,2,ROST
0.9153378950639915,0.4972928153936159,0.7575807160584389,0.34023161223895537,0.2906598354761389,0.021696089580964046,4,7,RSG
0.9123728304672298,0.47453767367233596,0.778056267102371,0.4484617768116562,0.28860857955855257,0.019021957833960285,4,7,RTX
0.904973238822016,0.4081557175425943,0.7454847827863736,0.284697616556821,0.2815558282436156,0.027999650074359197,4,8,SBAC
0.9119637833378232,0.4712043244616806,0.7630725303116999,0.38726731691168836,0.30604108385899337,0.01040538885486834,4,2,SBUX
0.9079504457870833,0.40149969037680955,0.7583812976026765,0.3393542159030973,0.2695537966992368,0.00711328842620943,4,5,SCHW
0.9119713449300765,0.47191949380980913,0.762527447032922,0.43237140203293223,0.2640861153735609,0.0034901583413524625,4,2,SEE
0.8750882587984353,0.2906555744232522,0.7355638208133353,0.2835886756020004,0.2836414538368534,0.01817443793193946,4,0,SHW
0.9079698887968443,0.39211812850907246,0.7588006762118172,0.3434138357626464,0.2731427112279337,0.011520951797742979,5,10,SIVB
0.9059153813591079,0.3739333563916636,0.7554176819521415,0.3141212087773862,0.26242037727364687,0.011520951797742979,4,3,SJM
0.9110032756691872,0.4375662330503744,0.7647444498943143,0.48055830656559007,0.27057735166807495,0.011055550695477211,4,4,SLB
0.9091033275878484,0.3555505764492673,0.7506798315552525,0.19685945226369592,0.22761012974257436,0.011520951797742979,4,8,SLG
0.9005433955164514,0.41854081143389094,0.7707337252895329,0.37782926059512534,0.27239978220733735,0.013330767211967456,4,7,SNA
0.8843452971302508,0.36787253926227775,0.7182251177533386,0.2696624757031791,0.28882204561027347,0.019099641326218178,4,9,SNPS
0.9155044218630902,0.5369197389040903,0.7618552070394553,0.3739518631821346,0.27670018173472694,0.01857615256757939,4,11,SO
0.9110093950046914,0.46255186525531605,0.7669310459830585,0.3867264467297475,0.28794682711784336,0.011520951797742979,4,8,SPG
0.8723043293231965,0.3265862111236436,0.7088501510450409,0.25442498052484364,0.2776200729829004,0.009869302773160704,4,5,SPGI
0.9159601021629626,0.5464208106233308,0.7650810709483905,0.4103010023197846,0.2733353527977158,0.013696089580964046,4,11,SRE
0.8841721007973691,0.2796024002134578,0.7409842847603385,0.2783883905687703,0.27707485315692976,0.01098136645962733,4,6,STE
0.9056561308467289,0.3870536747229822,0.7617378156097956,0.36708794500687386,0.2615500230183667,0.005711486309159304,4,5,STT
0.9585747236012063,0.6798805795258516,0.8788055013405351,0.7898516931986375,0.2940876676625742,0.004030443530749716,1,9,STX
0.9081041226837742,0.42861687541544097,0.758805910096988,0.344604463972726,0.2652559203170823,0.03751552795031056,4,3,STZ
0.8994818810173719,0.2118555517090761,0.755588574829194,0.30244816089776366,0.26485401912288076,0.011520951797742979,4,7,SWK
0.9086273079555279,0.37396530109112025,0.7501636682493984,0.22626759660712792,0.2634298060426683,0.010164640013997027,4,9,SWKS
0.9046408927759246,0.3002942965150768,0.7540626104786052,0.282561572192361,0.2567544384599473,0.021996325780771587,4,5,SYF
0.8892625430151848,0.3643549239487316,0.7371994049040336,0.292296925492462,0.27894751618966046,0.010655235762400489,4,6,SYK
0.910632579038679,0.4440068900694747,0.7611649822807903,0.37038525144524265,0.27219124297359526,0.007018808503193072,4,3,SYY
0.9137512071257521,0.5877571823758027,0.7601570933266392,0.3821294361557758,0.26429229644788943,0.010270317557519027,4,1,T
0.906128187737159,0.2654675718538073,0.7551388688773946,0.27021050881710845,0.2592891355471169,0.02868690403289301,4,3,TAP
0.7832002284691153,0.3059509307534303,0.6445312468339449,0.2693248185600005,0.2902514742336523,0.019931064648762136,4,7,TDG
0.9159755825208526,0.48183463355554135,0.8099232346433544,0.430804910097125,0.28463945164857246,0.011520951797742979,4,9,TDY
0.8902952189146863,0.3050224757080439,0.7504234133932515,0.30880258755981227,0.2723575387255858,0.0073834310209080585,0,9,TEL
0.9061701370252072,0.27394922087217044,0.7575164846893184,0.31451015957480544,0.2606240258725076,0.007148280990289565,4,5,TFC
0.9095366769671311,0.43328290652692775,0.7518107194369692,0.2894805192784599,0.2694951485065825,0.011520951797742979,4,6,TFX
0.9132591644988883,0.49087373530079603,0.7682797017180188,0.43121269455857725,0.2669915597805074,0.022091505555069547,4,3,TGT
0.9079698887968443,0.39211812850907246,0.7588006762118172,0.3434138357626464,0.2731427112279337,0.011520951797742979,5,10,TIF
0.911375771642509,0.4646126974863929,0.7670144915639353,0.3975422286855499,0.28986002688244844,0.02195783396028344,4,2,TJX
0.8398240931844325,0.24692925990387773,0.7312319451986241,0.29646199630734993,0.2740425673659866,0.01151815239261657,4,6,TMO
0.9158601873437744,0.5036167286362503,0.7508476745800658,0.3121006408101377,0.27304359670683753,0.004870265068672907,4,1,TMUS
0.9121738802279021,0.47362908598016795,0.7768420548920882,0.48852872898229993,0.2779064698791644,0.001578164640013997,4,2,TPR
0.9018337284057643,0.29428951898725597,0.7495001172483908,0.2591518873099055,0.25898181958652505,0.027898871489808418,4,5,TROW
0.9157391882820011,0.493027401324896,0.7713557561276266,0.38704475737407984,0.26226975944156966,0.015846032718047413,4,5,TRV
0.9065195946698643,0.2921025167507417,0.7534222093318697,0.2504026142248289,0.2767441746351026,0.012392266643338291,4,2,TSCO
0.9092271942160768,0.3962630819361508,0.76068781572813,0.37191541528788696,0.2685048253801444,0.005875251509054326,4,3,TSN
0.9083932487286456,0.4566426552347893,0.7594457104612182,0.3472302028109092,0.28733142147004875,0.013860554632140669,0,7,TT
0.8928047883093669,0.32188225011189503,0.7344762414040136,0.250410375563834,0.3205065144367145,0.014337153354912082,4,1,TTWO
0.9079698887968443,0.39211812850907246,0.7588006762118172,0.3434138357626464,0.2731427112279337,0.011520951797742979,5,10,TWTR
0.8977365813215697,0.3525294523425689,0.7587111362109878,0.34453325449520356,0.2885029246296979,0.00969713935788645,4,9,TXN
0.90649601013978,0.3720973297821758,0.7612891163115385,0.3700476954328499,0.266153534212484,0.007248359723558744,4,7,TXT
0.8850568145887164,0.3481705495605523,0.6664110642020287,0.17126384878398307,0.28588110649504805,0.011542647187472662,4,9,TYL
0.9114330295855353,0.3355472710281223,0.759409479226837,0.39510588034229355,0.2731427112279337,0.011520951797742979,4,2,UA
0.9114782193001942,0.3500693252371832,0.7593690186470168,0.38644587163188104,0.3228350176489316,0.011520951797742979,4,2,UAA
0.8996165544687971,0.273294470107474,0.7554175583655617,0.31193676285979666,0.257531917929453,0.049615256757938944,4,7,UAL
0.9100008220567218,0.3813965812699428,0.7574387728514002,0.30527485013793876,0.2731427112279337,0.011520951797742979,4,8,UDR
0.8919053230468221,0.30632625400474117,0.7499005092370108,0.3040644223451403,0.2580090599119272,0.00839191671769749,4,6,UHS
0.8001564896413608,0.1797236837431606,0.743553340463877,0.3207303761095812,0.2733628016026154,0.015111888723646227,4,2,ULTA
0.8944026129017087,0.3711808574663107,0.7378734179693914,0.28416651536942594,0.2691551781539657,0.006322456477998426,4,6,UNH
0.9105987338328059,0.44002811071912634,0.7574074586316457,0.32567997108976016,0.25862235246114473,0.011520951797742979,4,5,UNM
0.9006832810883522,0.39266650172949036,0.7606806797378604,0.35273648955534403,0.27349734611772436,0.017725133409150554,4,7,UNP
0.9008226319453027,0.2967161295845286,0.7589467748068692,0.34486567461953577,0.26625711615138375,0.009661446942524713,4,7,UPS
0.7837076315480922,0.21519268640514183,0.667353875484835,0.24776891723157282,0.2686883009919403,0.0076262794156241815,4,7,URI
0.9082364403287598,0.35663309031681883,0.7602374641564067,0.36723288576876806,0.26123091768299833,0.01195485959233663,4,5,USB
0.8908189542046804,0.3592445117103212,0.7334723247922752,0.2769072398512264,0.2799687001984609,0.010827399177674744,4,5,V
0.9079698887968443,0.39211812850907246,0.7588006762118172,0.3434138357626464,0.2731427112279337,0.011520951797742979,5,10,VAR
0.9094198379696677,0.2463069161353016,0.7596076331636482,0.37511374580411955,0.27473163918306304,0.011520951797742979,4,2,VFC
0.9079698887968443,0.39211812850907246,0.7588006762118172,0.3434138357626464,0.2731427112279337,0.011520951797742979,5,10,VIAC
0.9482122386259988,0.7802409782998716,0.806937596849878,0.6104106424533634,0.26946666142884096,0.029057825212142417,4,4,VLO
0.8737367055482754,0.2525038334024595,0.7385736701644716,0.28084942260305373,0.2858502854368495,0.018112851019158428,4,0,VMC
0.9082939642249594,0.26357500636235787,0.7527122978016405,0.1821506855889348,0.2731427112279337,0.05090018371096143,4,8,VNO
0.9091667014816512,0.44758867832388793,0.731006482038302,0.24039102547454572,0.28425600753200103,0.013038229376257544,4,7,VRSK
0.9132363080453222,0.4802245889585527,0.7451945345812725,0.296986422264475,0.28237538535567647,0.017356311783745956,4,9,VRSN
0.9033791914416803,0.43968506810284774,0.7734264752086196,0.3766348389932065,0.2808476166489582,0.01499221415449217,4,6,VRTX
0.9153261853466951,0.541506332038877,0.7672083383463383,0.4484568399537694,0.42862340723256886,0.011520951797742979,4,8,VTR
0.9157889739346717,0.614301262863501,0.7637530665568523,0.44594296199744426,0.2612224294469425,0.007863529000087481,4,1,VZ
0.9070359395511052,0.4362464392562602,0.7753716994448298,0.4172225817983495,0.2792031460748053,0.011520951797742979,4,7,WAB
0.8680746719526031,0.2551772487785544,0.7328322474605341,0.275155756370312,0.27631191747204403,0.02241063773948036,4,6,WAT
0.955611457573092,0.7589201335513421,0.8633755417814228,1.0,0.2961936377143479,0.004551132884262095,4,9,WDC
0.9146573379612284,0.5122059910719727,0.7627440472977383,0.37698487598074415,0.2760537260397919,0.01728142769661447,4,11,WEC
0.9175327349296917,0.5191469332125404,0.7755612965606847,0.43127324138051537,0.36440323092303084,0.011520951797742979,4,8,WELL
0.9031145219443552,0.2968358875352415,0.7546132714285173,0.29699501538923323,0.26253116240817403,0.010764412562330504,4,5,WFC
0.890789253219711,0.0,0.7406339142129528,0.13825350364316175,0.26031046747424,0.011520951797742979,4,2,WHR
0.9079698887968443,0.39211812850907246,0.7588006762118172,0.3434138357626464,0.2731427112279337,0.011520951797742979,5,10,WLTW
0.91578833524737,0.4994239336684419,0.7664055105868343,0.37659650922857313,0.2874060988886328,0.01596080832823025,4,7,WM
0.9169575181124564,0.5955730779688749,0.7671522523443438,0.4660956826489611,0.29343058318277904,0.017021083019858278,4,4,WMB
0.9098269019682508,0.44146555901413387,0.7676067170278738,0.4191272006268433,0.30563396285475086,0.031074796605721284,4,3,WMT
0.9091258372868709,0.4013549067667056,0.7555861755247802,0.3010528791934718,0.26742689762709426,0.07059819788294988,4,5,WRB
0.9079698887968443,0.39211812850907246,0.7588006762118172,0.3434138357626464,0.2731427112279337,0.011520951797742979,5,10,WRK
0.9036051328134267,0.4134240087146003,0.750729798530208,0.31580838145622825,0.289167073631693,0.019847082494969817,4,6,WST
0.9115230484243352,0.39512833779154255,0.7592634254562354,0.3613151454302588,0.25391661647873837,0.011289301023532499,4,5,WU
0.909631562585167,0.3153936606337209,0.7578700612904494,0.3000357129307498,0.3603730255464046,0.012317382556206805,4,8,WY
0.9043625493390444,0.35348699201205297,0.7513165378133922,0.28344341469235235,0.2737808500729465,0.004122823899921267,4,2,WYNN
0.9127554085989638,0.48850317971497714,0.7616857488301179,0.3778319426553737,0.27421650224596905,0.015026506867290703,4,11,XEL
0.9079698887968443,0.39211812850907246,0.7588006762118172,0.3434138357626464,0.2731427112279337,0.011520951797742979,5,10,XLNX
0.9275547777883553,0.6572483378316083,0.785122456890832,0.5454701366773593,0.27675176824976444,0.013318169888898609,4,4,XOM
0.9105465187378659,0.28224727647551806,0.7577420976319067,0.2506299310982193,0.2577910994188631,0.004842970868690404,4,6,XRAY
0.9113872995747263,0.007800948000948327,0.7578322590346184,0.0,0.25118004074922223,0.011520951797742979,4,7,XRX
0.9012475232863186,0.3331293115424151,0.7483207569723402,0.2741438740415464,0.2779795472197386,0.011554544659259907,4,7,XYL
0.9097482229842362,0.447225100489811,0.7632860165318772,0.37212220979264354,0.28012086690605165,0.013010235324993439,4,2,YUM
0.9094666515434158,0.4249395088668115,0.7554640152482238,0.3110901378095454,0.2618793773867475,0.0036539235412474855,4,6,ZBH
0.88107750733714,0.25032291807201645,0.7108234156886161,0.18720088176470703,0.26298116692537205,0.0024053888548683402,4,9,ZBRA
0.907236867695633,0.33526684033097665,0.7582247732541264,0.33163942638139565,0.2591766863314595,0.025627854081007786,4,5,ZION
0.9039230703620512,0.36090679182372876,0.7442573132245129,0.24775378351812338,0.2701907799323536,0.012472749540722595,4,6,ZTS
